text,true_label,predicted_label
write love on your wrist for national suicide prevention day ! a semi colon represents a life you‚Ä¶ http,correct,correct
@user @user @user can we auction it off and use funds for service dogs ( probably will cover 1 - 2 only but so needed for our vets contemplating suicide ) http,correct,correct
the pain i feel the tears i've cried sometimes i wonder how i survived i could be wrong i could be right suicide i feel like i died tonight,correct,correct
if i do decide to commit suicide within the next few days or weeks just know i tried to see things on a positive light i guess .,correct,correct
american star stevie ryan dies aged 33 by suspected suicide . related articles : http,correct,correct
"i don‚Äôt like james charles and never have , but something about two 30 - somethings attacking a teenager ( with no proof to back up their claims ) to the point that he contemplates suicide just doesn‚Äôt sit right with me .",correct,correct
people are so sick that they'll push a person to commit suicide . http,correct,correct
this class makes me contemplate suicide üòí,false,correct
"uptick in isis suicide bombs in baghdad signals desperation , experts say : http @user @user @user",false,false
i am going to hate myself so much during this shift . work at a diner during easter sunday is suicide .,false,false
"22 vets die of suicide daily , its huge , about 6 of them are in the va system . help is here call the veterans crisis line call 1 - 800 - 273 - 8255 suicide hotline",correct,correct
"reading : \ "" guilty verdict for young woman who urged friend to kill himself \ "" by katharine q . seelye and jess bidgood‚Ä¶ http",correct,correct
"@user that‚Äôs the part that breaks my heart , she was tortured into attempting suicide , that absolutely sucks .",correct,correct
"üì£ my dad killed himself using a weather balloon http üóûÔ∏è first published august 6 , 2018@user : 44am # politics",correct,correct
find help with the # military crisis & suicide hotline . listen live : http military mom # talk radio,correct,correct
criminal dance would‚Äôve been suicide in this one # drinkalong,false,false
# suicide girl aleon wife sex positions http,false,false
"hey famous youtuber ? remember the last guy who asked for a screenie but you killed him , well he just committed suicide , i hope you‚Äôre happy .",false,false
"body is killing me , i had to beat some 17yr kid in suicide runs yesterday because he was talking trash . beat him by a few steps . # youngblood",false,false
"i come back to class and we are talking about this philosophers idea of kids being brought to this world , and this girl that i'm guessing has a kid ? she is going off , but its just this phil idea right ? she just goes \ "" well his dad is a coward for committing suicide \ "" everybody : http",correct,correct
talkin bout ‚Äúsuicide or shoot me before i lie‚Äù damn nearr üíÄ http,correct,false
"if you have to say \ "" our group can't be blamed for her suicide . \ "" actually say it . if you have to speak those words . if you vocalize that .",correct,correct
"mann when i tell u im fina be something before this year over with i really got over depression anxiety deep thoughts suicidal thoughts . everything im truly healing and healing my self from experience , but my blessing to everyone in return is only way is up thank u for this .",correct,correct
‚Äòchoice of peaceful death‚Äô : canada moves to legalize assisted suicide not good to play god http,false,false
"@user tak unpopular , tapi solat is not the answer of everything . stop cakap iman orang tu lemah just because dia ada suicidal thought . stop cakap dia lupa tuhan just because dia pernah attempt suicide . stop judging and start understanding . http",correct,correct
"suicide watch is the only time they pay attention , i go to the free clinic every week so someone else will touch me",correct,correct
our youth suicide prevention community forum is coming up next week on february 9th ! remember to rsvp here : http,correct,correct
amanda todd suicide,correct,correct
"6 years ago i was hospitalized for depression , self - harm , and suicide ideation . for 6 years‚Ä¶ http",correct,correct
i'm just a suicidal kid . telling other suicidal kids . that suicide isn't the answer . http,correct,correct
"august 3 , 2010 ‚Äî manchester , connecticut omar thorton , 34 , entered a warehouse owned by his former employer , hartford distributors , and shot and killed eight people with two semiautomatic weapons before committing suicide .",false,false
my math book needs to commit suicide . it has way to many problems .,false,false
"@user # new years eve can be a hard time for many people . if you‚Äôre struggling , know that there are trained counselors who can help . call the national # suicide prevention hotline , 1 - 800 - 273 - talk ( 1 - 800 - 273 - 8255 ) or contact the crisis text line by texting home to 741741 . you are not alone . suicide hotline",correct,correct
okay but imagine a @user cover of institutionalized by suicidal tendencies,false,correct
"i can't believe suicide's on my fucking mind , i wanna leave i swear to god i feel like death is fucking calling me",correct,correct
"when my marriage ended & i fought suicide , i wrote 7 tales , 1 a day . they were all published . these stories are now poised to be much more .",correct,correct
terry jones brady lost two daughters to cystic fibrosis and her husband to suicide . learn how life goes on . http,correct,correct
"watchdog : hotline left vets in limbo : a va suicide hotline designed to help distressed vets , at times instead . http",correct,correct
@user own janna keefe keys # prevcon18 in to the components of suicide prevention as well as postvention response to suicide and other traumatic death ?,correct,correct
"suicide hotline : 1 - 800 - 273 - 8255 . retweet , you could help save a life . you never know who is hurting inside . suicide hotline",correct,correct
how working for a suicide prevention hotline made me rethink pain and empathy http,correct,correct
not sure where to turn ? have no one to talk to ? there is a worldwide directory of suicide prevention help for you > http,correct,correct
"let's also take this issue from another angle : i spend a lot of my time talking to trans youth and adults who are suicidal . do you think i want them to have more access to a gun , or less ? @user you talk to someone who is in real emotional pain like that and then tell me",correct,correct
"looking forward to continue to find me . i've had a poor track record this year . divorce , institutionalized twice - once for a suicide threat , drugs , alcohol , lost all friendships . i can't have a do over but i can improve in the future .",correct,correct
i feel like this song is about suicide . it's very haunting & morbid yet strangely beautiful . @user # hozier # in a week http,correct,correct
@user @user @user @user @user @user @user quick quiz . which of these thing ( if any ) do you support : open borderswelfaresanctuary cities / counties / stateshigher taxesbigger governmentsocialismcommunismgun controlabortionassisted suicidehate speech lawsred flag laws,false,false
"@user the same time # yall are cruelly asking how that poor boy who was pushed to commit suicide knew he was gay @ 9 , while praising another similar aged boy for grinding on a grown woman‚Äôs ass . so kids can‚Äôt know they‚Äôre gay @ 9 , but being encouraged to be straight @ that age is cool",correct,correct
everyone commits suicide now,false,false
i don't think she's suicidal but i still have doubt i know how she can be i hate this i won't be able to breathe until i talk to her again,correct,correct
"because if your fan commits suicide from something you encouraged , it's on you",correct,correct
today is world suicide prevention day . most of you know my story - that i was close to ending my life‚Ä¶ http,correct,correct
so suicide then http,false,correct
photo : current state of mind after‚Ä¶ 3 months of asia will do this to you . # itsaboutthattime # suicidal . http,false,false
half of the year was me literally going back and forth with suicidal thoughts because i literally didn‚Äôt know my purpose ( i‚Äôm okay now ) but i had little really happy moments that got me through the shittiest year of my life . like meeting new people on here and becoming closer to,correct,correct
"@user prison , taxes , jobs , suicide , dropouts , gangs . what's the connection ? http",correct,correct
@user @user dont hate that girl : $ she probably committee suicide for all these shit and also im like o - o for all these +,false,correct
police find suicide victim in city park : new orleans police are investigating a suicide tuesday ( march 31 ) inside‚Ä¶ http,correct,correct
"reading the turner diaries to fight suicidal depression , i realized that the brutal , government - organized black . http",correct,correct
@user that shit got me suicidal smh,false,correct
woman irs officer commits suicide in jaipur http # irs # dfts # taxrelief http,correct,correct
hard time of year for a lot of folks . national suicide prevention lifeline 1 - 800 - 273 - 8255 . a simple copy and paste might save someone's life . would 3 ( or 30 ) twitter friends please copy this text and post under their own name ? happy holidays to everyone ! suicide hotline,correct,correct
"mental disorders , not combat , tied to military suicide : by genevra pittman new york ( reuters health ) - mental . http",correct,correct
mia farrow's son thaddeus ' cause of death revealed to be suicide http,correct,correct
but why is it social suicide to post more than 1 instagram pic a day ? like who made that a rule,false,false
"losing alyse would be the trigger to my suicide , i'm not joking .",correct,correct
i have too much curiosity about my future to commit suicide .,correct,correct
seppuku : ritual suicide in samurai japan and the ninja's daughter release http,false,false
farmers r committing suicide in @user karnataka . bt he is sleeping and whole govt neck deep in corruption http,correct,correct
@user was a burden ! it pissed me off so fucking much cause i'm depressed and suicidal but she doesn't know that but i just don't ever +,correct,correct
probably tell peyton to kill herself atleast 50 times a day,false,false
"@user language lesson : when reporting on suicide , the media should avoid discussing suicide as a desirable outcome . stating that a suicide was ' successful ' is problematic . instead , using the term ' died by suicide ' or ' took their own life ' is preferred . # stigmawatch # suicideprevention",correct,correct
another word for smoking ? suicide . # harshtruth,false,correct
"during wwii , japanese war criminal tojo hideki attempted suicide after surrender . he was saved by allied forces , who then hanged him .",correct,correct
"the husband must be proud , but again he probably gonna committee suicide is not usually what happens to cases like this long live i usa cia http",false,false
i just saw a spider crawling on the inside of my windshield while i'm driving . this is my suicide note .,false,correct
seriously suicide is all i think about . üòíüòî,correct,correct
"nearly 40 , 000 people commit suicide each year . men comprise the majority of cases . suicides among middle - aged are on the rise .",correct,correct
riverside : dispatcher calms man threatening murder - suicide : a man who told someone with a suicide hotline that he‚Ä¶ http,correct,correct
at towleroad : young gay autistic man called care home a ‚Äòtorture chamber‚Äô in devastating suicide note http,correct,correct
"this girl today explaining to me how her bf committed suicide , just breaks my heart how fast you can lose someone you love üòî",correct,correct
suicidal south koreans are enrolling in ‚Äòdeath experience‚Äô schools to beat the blues : here‚Äôs a pretty bleak fa . http,correct,correct
norman almost killed himself avoiding the flag .,false,false
"\ "" i'm not suicidal , i just can't get out of bed \",correct,correct
cc @user woman of color commits suicide by train because of shithead social justice trolls http,correct,correct
"@user the beginning of 2017 was the lowest i've ever been in my life . i was on drugs , i was suicidal , and i was a very toxic person . without the people closest to me , i would still be a mess . i am thankful for them , but most importantly i'm proud of myself . i'm proud i never gave up . http",correct,correct
"suicidal tendencies detail new album , debut song - > http",false,false
"obvs i support suicide prevention / awareness but i just thought it was weird bc the posters are like \ "" wear black if u've ever been sad ever \",correct,correct
the only thing suicidal here is the doors we had a good run even i have to admit,false,false
"l‚Äôwren scott , mick jagger‚Äôs designer girlfriend , found dead of apparent suicide http",correct,correct
4 vets tie up va suicide hotline with abusive calls http via @user,correct,correct
"( naturalnews ) the gop just committed financial suicide for america , approving a 2 , 000 page , $ 1 . 1 trillion . http",false,false
"full story : after a suicide attempt , hannah lucas wanted to make sure no one else felt alone in a crisis like she did . 65 , 000 downloads later , the @user she & her brother created is doing just that . info : http # mental health awareness month @user http",correct,correct
so refreshing to read some good news for a change . do you think she‚Äôll livestream her suicide ? http,false,correct
if you post about your self harm and suicide attempts and etc everyday you're clearly doing that shit for attention .,correct,correct
@user @user the community manager has committed ritual suicide with a lobster claw,false,false
"it's december 29 , 2015 and it's officially been four years since my first suicide attempt",correct,correct
photo finish brushable on the starship enterprise commit suicide over a new standard in douchery .,false,false
why kids all suicidal they jump from any and everything fuck ü§£,correct,correct
@user ugandan refugee commits suicide outside unhcr offices in nairobi http # monitor updates,correct,correct
@user @user @user every one should read this ! veterans suicide has gone up exactly like deluca predicted in his studies . yet lawmakers prefer their own opinions over real scientific studies . killing veterans saves money ? is that it ?,correct,correct
it's # world suicide prevention day if you are suicidal please call 1 - 800 - 273 - 8255 # suicideprevention suicide hotline,correct,correct
"if you \ "" opt out \ "" that means you committed suicide",false,false
sandra bland didn't kill herself . ‚ùóÔ∏èsandra bland didn't kill herself . ‚ùóÔ∏èsandra bland didn't kill herself . ‚ùóÔ∏è http,correct,correct
"@user @user @user yes , hate . nothing to do with the drugs every other person is on . when you have a suicide and mass shooting problem , and half the population is on drugs that cause fits of uncontrollable rage and suicide as side effects , the rational response is to blame hate !",correct,correct
"i vividly remember more than one occasion where i was sobbing in my bathroom in florida @ 5am while listening to this song because i was so miserable . i attribute not committing suicide while i was there entirely to this song , mimi & jake . http",correct,correct
"the first thing bryanna says when i face timed her was \ "" okay girl , listen , i'm just trynna not to commit suicide \",correct,correct
"@user please share if you care about # first responders . the national suicide prevention lifeline can be reached at 1 - 800 - 273 - 8255 . police officers can text the word \ "" blue \ "" to 741741 or simply text \ "" talk \ "" to 741741 . http suicide hotline",correct,correct
suicide rates for doctors are shockingly high . the stigma of mental illness prevents them from getting help . http # health http,correct,correct
watch kehlani open up about her suicide attempt in a moving mid - concert speech : kehlani delivers an emotional . http,correct,correct
@user i was recovering on t3 then switched to levothyroxine & felt poisoned . became 90 % bedbound and suicidal . self medicated t4 + t3 & improved .,correct,correct
"@user remember reading first was \ "" squidwards suicide \ "" there's also one that's about playing pokemon red lol that i read but i didn ' t",false,false
have lost a sibling . it's something that still very much haunts me every single day . my hope for my future is that i will finally be able to be proud of the man i am and be in a place mentally and emotionally where i can perhaps support others through their suicidal ideations .,correct,correct
"@user leading the network evening newscasts : cbs : murder suspect arrested at wh ; abc : pres scrubs event for phila eagles ; nbc : fashion designer kate spade found dead , apparent suicide .",correct,correct
"@user mon 15 january is # blue monday as it's thought to be ' the most difficult day of the year ' . we want to change this , but we need yr help . take 5 minutes out of yr day , to check they are ok . # 5 min brew download # stay alive app to find out how you can help . http http",correct,correct
"thought about suicide , cutting myself . but i stick to the drugs",correct,correct
advocates rally around pa . assisted suicide case http,false,false
"mysterious death of new york judge was initially called a suicide . now , police think it's suspicious http",correct,correct
to everyone who has dealt with suicidal thoughts this past year : i'm glad you're still here ) dd ] } 3,correct,correct
all these old ass people tweeting about results are just gonna raise suicide statistics,correct,correct
powerful night at city first ! powerfest was a night to reach out to teens in the rockford area about the power of christ in the darkness of mental illness and suicide . hundreds of local teens from various schools attended . glad we could be there to help . great job jon rush . http,correct,correct
i just stubbed my toe . if my toe nail falls off i blame uneven concrete and toes suicidal death wish .,false,false
today i went and told the office about a student who has suicidal thoughts and it took me almost hour and half before i even talked to someone about it and y‚Äôall wonder why no one gets the help they need,correct,correct
"if you need someone to talk with to help when you feel alone or you have a friend you are worried about a friend , call the national suicide prevention life line . 1 - 800 - 273 - ( talk ) or 8255 . be there for someone . suicide hotline",correct,correct
troops prevent suicide bombing attack in maiduguri http http,false,false
"@user it does , especially when my divulge into suicide : l even though i never could",correct,correct
"yeah , never thoughts of suicide . i'm too alive .",correct,correct
"charts : suicide , ptsd and the psychological toll on america's vets http via @user",correct,correct
everyone's all happy talking about hsm and then i'm talking about javert's suicide üò´,false,false
"haunting story of 2 tappan zee suicides : the story of annie morrell , who jumped off the tappan zee bridge to her d . http",correct,correct
just played : institutionalized - suicidal tendencies - suicidal tendencies,false,false
i'm actually going to kill myself and in my suicide note it'll tell exactly why ign made me do it http,correct,correct
"help my friend is suicidal and his iphone battery died , the police is looking for him since 12 hours how can i‚Ä¶ http",correct,correct
"@user they need 2 commit suicide 4 themselves , b4 they murder innocent children & others ! what a surprise 2 b inhades@user death !",correct,correct
"35 - year old man who drove 15 - year old amanda todd to commit suicide in 2012 by sexually harassing , blackmailing & . http",correct,correct
avicii's family confirm his death was suicide http,correct,correct
"g . r . l . singer simone battle dies of apparent suicide , read group members . - hallels http [ te ]",correct,correct
suicide hotline 800 - 273 - talk ( 8255 ) . a simple copy and paste might save someone's life . would 3 of my facebook . http suicide hotline,correct,correct
posner : social media can be a very effective method of suicide prevention . ability to get quick information and reach people http,correct,correct
you on a suicide mission http,false,false
"paris attackers ' use of suicide vests marks important change in isis fight : copyright 2015 npr . to see more , visit‚Ä¶ http",false,false
"damn raccoon must have been suicidal walking so slowly across the interstate , but i wasn't hitting something that big with my car !",false,false
"when we find medicine going away from healing towards killing , we in the past have been very repulsed by it . now suddenly we are not . reaction to the # aafpcod resolution favoring neutrality on assisted suicide . http",false,false
"bit down on the bullet now , i had a taste so sour i had to think of something sweet . love's like suicide .",false,false
bca says person of interest eric thomes would have been arrested had he not committed suicide . initial suspect ryan larson cleared .,correct,correct
17 - year - old teen arrested in connection with mckinney boyd hs suicide http,correct,correct
she posted a status about suicide & i reached out . i don't usually do that but i could've made a difference & it makes me feel better .,correct,correct
"i lost a friend frm # suicide 7 yrz ago , his name iz carl snead ii . ppl plz don't throw ur life away , contact @user n # prevent suicide . http",correct,correct
"@user @user @user @user @user @user @user @user @user @user @user @user @user @user @user @user @user @user @user @user @user @user @user @user @user @user @user @user @user @user @user @user @user @user @user @user @user @user @user @user @user @user @user @user @user @user @user @user @user @user there's been several papers written by mh professionals , especially since leylands suicide , i think it's clear that you that jump on the guilt bandwagon have issues , & lets not forget poor debbie perry .",correct,correct
a 10 yr old girl from brighton hung herself & committed suicide ! everybody go home & hug ur kids !,correct,correct
sheriff : 3 dead in nokomis double murder and suicide http # htnow,correct,correct
# rethink health non - profit drums with teens in alaska to help stop suicide : http via @user,correct,correct
"2017 saw highest rate of death due to alcohol , drugs , suicide in us history [ pdf ] http",correct,correct
"@user @user trans people experience more harassment , abuse and attack than any other group in the lgbt community , a community well - known for experiencing regular harassment . they have commensurately high mental health problems and suicide rates .",correct,correct
. @user my mom committed suicide w a gun when i was young . i never knew her . i'm turning my tragedy into as much positive as i can .,correct,correct
@user the only way this happens is if the north korean leader is truly insane and plans to commit suicide .,false,false
more u . s . troops committing suicide than being killed fighting in afghanistan | mail online http # tcot # tlot # troops,correct,correct
i still have my new years suicide ultimatum on my 1d calander lol,correct,false
i was gonna kill a couple rappers but they did it to themself everybody suicidal didn't even need my help,false,false
i cant sleep and this is making me suicidal,correct,correct
mr vegas gonna kill himself if the heat lose this,false,false
"i showed him the marking i wouldst take for a tattoo on my wrist , until my boss had told me twould be career suicide to do so . bleh",false,false
"i said this the other day when i checked out her new song \ "" suicidal thoughts \ "" . it's funny because i didn't care for her too much when she first came out . but nowüëÄüëÇüèæ http",false,false
"@user always had suicidal thoughts but didn‚Äôt go through it because : 1 . i‚Äôll go straight to hell if i do2 . my parents will be sad3 . i might miss something good in my life if i did go through it . so as long as i still have these three in my head , i‚Äôll try to live ) dd ] } 3",correct,correct
"in china , victims protest forced evictions through suicide - witness blog http",correct,correct
"i‚Äôve been doing a lot of deep thinking and came up with this . at the end of every day , if someone is depressed , suicidal , abused , alone , bullied , etc . , one person can save their life . whether it‚Äôs a hug or just being there for them , you can do so much for that person .",correct,correct
this is national suicide prevention week . know that you are not alone . someone out there cares about‚Ä¶ http,correct,correct
"@user suicide is not a joke . it's not \ "" content . \ "" it's a cry for help that went unanswered . if you are having suicidal thoughts , please talk to someone . if you feel alone , help is a call or click away . you are not alone .",correct,correct
dont you guys ever just randomly like think of what you'd say in a suicide letter or am i just horrible,correct,correct
just found out one of my childhood friends committed suicide . # heartbroken praying for his family .,correct,correct
"new press release from an inspirational publishing house with perhaps the worst headline ever : \ "" is there hope after suicide ? \",correct,correct
"this norway , not sweden . norway , finland , denmark and austria . all of them more based than the rest of western europe . i would like to believe that norway would not suicide itself into becoming another swedish shithole , but only time will tell . s w e d i s h i t h o l e http",false,false
transgender crisis and suicide prevention hotline receives record number of calls after election http via @user,correct,correct
some people still think its funny to tweet that they feel suicidal for attention . the people who really need help get ignored . # life4you,correct,correct
"i don't care how long i'm home , all i know are suicide loads",false,false
sickening . message to terrorists ( specifically suicide bombers ) : spare us the trouble . just kill yourself . üá∫üá∏üá¨üáßüôè # pray for london,false,false
from nope to hope : how i overcame my suicidal thoughts ( and how you can too ) http,correct,correct
friendly reminder to the girls at my school ; suicide isn't something to joke about .,correct,correct
@user i did when i was little ! with suicide doors üòÇ,false,false
"it's officially 1 year since i quit my abusive job for the sake of my mental health . no job should make you suicidal . that said , things haven't improved much . surgeries & lack of job opportunities have me asking you for help . rts help . http",correct,correct
go against the # creez mx b is a damn suicide,false,false
september is suicide prevention month . u never know how what u say is going to effect sum1 . love & miss my best friendüíï http,correct,correct
suicide bombing in kabul kills at least 10 http,false,false
why do i feel so alone when i'm with everyone i call family . ? # gothic # emo # satanic # depressed # skaters # suicide http,correct,correct
"i really wish there was assisted suicide for # depression , i'm so tired of being alive . instead , depressed people get to die on a tarp in a bathtub with an exit bag or a needle in their arm .",correct,correct
dvids - news - vietnam vet talks suicide prevention : http via @user,correct,correct
i think my dog is suicidal .,false,false
miami herald longtime florida keys prosecutor manny madruga found dead in apparent suicide‚Ä¶ http,correct,correct
@user 90 % of indigenous australians deaths by suicide are under 30 year of age . social inclusion on our tv matters .,correct,correct
the one time i'm in time everybody late . so i'm lookin suicidal drinkin by myself . üòí,false,false
@user 11 dead as nigerian # troops repel # boko haram # suicide # bombers http via @user,false,false
showing my lesbian coworker pictures of the hot lesbian couple on this season of the real world will serve just fine as my suicide note .,false,false
i think ive pretty much decided what i want my suicide / self harm tattoo to be and im getting really pumped about it,correct,correct
study : suicide rates in preteen girls are rising http,correct,correct
"@user teenage suicide : don't do it ! if you got that movie reference without googling it , i pledge my life eternally to you .",correct,false
"look lady , i'm homeless i'm crazy . i'm so hopeless i'm suicidal daily . if you and i can't coexist let's fake it",correct,correct
"margot kidder‚Äôs death was a suicide , coroner says the actor‚Äôs daughter told the associated press , ‚Äúit‚Äôs important to be open and honest so there‚Äôs not a cloud of shame in dealing with this . ‚Äù http http",correct,correct
"@user \ "" a 10 % increase in the minimum wage reduces suicide deaths by 3 . 6 % , while a 10 % higher maximum eitc reduces suicides by 5 . 5 % \ "" @user article - http the paper - http http",correct,correct
"# things that bother me 2 cars moving slowly right next to each other , leaving you behind them , committing suicide . # the worst headache",false,false
"hello twitter , i am the mother of tedsattic , on august 9th 2019 , tedsadick passed away due to suicide , it has been rough for the while family and we're all praying that he is okay up in the clouds , this account will be left alone as we don't want to tarnish his reputation",correct,correct
the suicide rate in # niagara is unacceptable . where can i get involved ? @user # bell lets ta ik,correct,correct
all my shrimp committed suicide last night . http,false,false
"if you or someone you care about is considering suicide , please call our 24 hour lifeline : 866 - 488 - 7386 .",correct,correct
"and before you fuckers ask or even think about it , no i‚Äôm not okay . i‚Äôm suicidal right now , of course i‚Äôm not okay . it‚Äôs not going to happen though . not any time soon .",correct,correct
facebook boosts efforts on suicide prevention : the social network works with suicide watch group to detect early . http,correct,correct
i wish i could jus die in some accident so i can spare everyone the pain of my suicide asap,correct,correct
@user hard time of year for a lot of folks . we can all help prevent suicide . suicide hotline : us : 1 - 800 - 273 - 8255canada : 1 - ) dd ] } 33 - 456 - 4566uk : 116 123 ( samaritans ) a simple copy and paste might save someone's life . would 3 twitter friends please copy this text and pass it on ? suicide hotline,correct,correct
poor girl forced by school friends and she commit suicide after they leaked her video http,correct,correct
tina turner opens up about her son‚Äôs final days before his suicide http,correct,correct
@user ‚Äú@user : malaysian exploding ants can turn themselves into a bomb at the sight of an enemy . ‚Äùsuicide bombers,false,false
"üì£ new podcast ! \ "" the integration of fitness and suicide prevention \ "" on @user # healing # leonstensholm # podcast # valeriateles # wellbeing http",correct,correct
"suicide awareness time : ‚Äúhave compassion ! get help ! check on your friends ! ‚Äù actual suicidal episode : ‚Äúlet‚Äôs completely violate this person‚Äôs trust and consent , stick them in a room and treat them like shit ! ‚ú®it‚Äôs for their own good‚ú®‚Äù why yes im extremely bitter",correct,correct
i know times are tough but if you have any extra money please donate to my dad's memorial page for anti suicide ! http,correct,correct
"catastraphy news polish director marcin wrona's death likely a suicide , autopsy finds ( report ) http",correct,correct
@user # suicide awareness r i p mari & mercedes . üíëshe committed suicide april 20 and he committed suicide earlier yesterday april 22üíîüò¢ http,correct,correct
my mind keep thinking suicide is the only answer to my problems,correct,correct
the suicide of europe ( germany ) by mass muslim migration . dog http,false,false
the # truth about # depression and if you have a # mentalillness http # suicide # survivor # lifesaver # meds # hospitalization,correct,correct
@user peter smith - suicide ?,correct,correct
"if u are reading this & planing to suicide at some point , please contact # sumithrayo . they will prevent ur attempt & will give ur life back .",correct,correct
"@user sad to see mental health trivialised & treated in such a flippant manner . antidepressants are not ' happy pills ' , they help people lead normal lives & in some cases prevent suicide . headlines like this perpetuate the stigma around mental illness http",correct,correct
tf i'm not suicidal i just love nct let me live http,correct,correct
"the idea of failing at suicide is the most depressing thing ever . that person was clearly right , they suck at life .",correct,correct
"bella price was blindsided when a good friend at spring hill high school took his own life . now , she's among a group of students from johnson county , kansas , who are . http",correct,correct
"when i listen to suicide silence , it means im pissed as hell and you should stay away . unless you're kayla",false,false
liitr pac dropped by nike - rousey suicidal thoughts - martin v joshua http @user @user @user,correct,correct
sometimes i think nick cannon needs to be on suicide watch the way he be gettin roasted on wild‚Äôn out lol,false,false
fcc approves proposal for 3 digit suicide hotline number like 911 http,correct,correct
john kivela dead after apparent suicide following second dui arrest http http,correct,correct
"@user if you're experiencing suicidal thoughts get help from your gp or any of the following helplines : @user 116 123 , @user 0300 123 3393 , @user 0800 58 58 58 , @user 0800 068 41 41 , and cruse helpline , 0844 477 9400 . # blue monday",correct,correct
family‚Äôs kindness campaign spreads # suicide awareness month http http,correct,correct
"in order prevent that \ "" suicide \ "" from occurring , republicans and democrats both need to rally to support the bill being sponsored by @user and @user to protect robert # mueller from being fired . http",false,false
no suicidal thoughts but i hang with myself . # my own lane,correct,correct
parents sue over daughter's suicide http,correct,correct
"it's social suicide . like seriously , omg .",false,false
do your part to prevent suicide by sharing the lifeline number . these wallet cards with warning signs make it easy ! http,correct,correct
"if you‚Äôre worried about the impact of events portrayed on tv on your teen , try watching together & talking about it . http http",false,false
"my dad committed suicide , & rejected me for coming out gay . i coped with my pain through drug use . sober now for a long time . @user",correct,correct
"@user @user true , single covering dez all game was suicide",false,false
"absolute must - read thread on so - called \ "" incels , \ "" guys who can't get women & so yeah , they gotta kill everyone cuz of it . kinda reminds me of the jihadists & their 72 virgins , which can only be obtained in the afterlife , after suicide bombing in this life . messed up masculinity . http",false,false
the suicidal thoughts ever present at the front of my mind but to the world i seem so happy they dont know my story or what ive been through,correct,correct
banksters advocate suicide ! microfinance employees told borrowers to kill themselves to forgive loans : http,correct,correct
my bestfriends little brother just attempted suicide oh my god im about to start crying oh my god oh my god,correct,correct
@user really bad bullying in spn fandom . at least one person committed suicide . : disappointed face :,correct,correct
@user is partnering w / @user to celebrate national suicide prevention week . watch for us at the community booth 9 / 12 & 13,correct,correct
what kalief browder's imprisonment and suicide taught america about criminal justice http via @user,correct,correct
i wish my clothes would commit suicide and hang themselves .,false,false
@user this video tells a very deep story about a personal situation . it was made in hopes of helping others who battle with depression every day . viewer discretion is advised . we can all help prevent suicide . you are not alone . national suicide prevention hotline 1 - 800 - 273 - 8255 . suicide hotline,correct,correct
if you a real nigga i salute you üíØ if you a fuck nigga suicide üî´,false,false
i received a $ 15 . 00 donation supporting american foundation for suicide prevention ! http,correct,correct
you would be surprised how many significant others threaten suicide to keep the other person from leaving . # dateline,correct,correct
"how i survived depression and suicidal thoughts - singer , yq writes http",correct,correct
i honestly think i'm suicidal .,correct,correct
kurt cobain note contradicts his suicide letter http,correct,correct
from our friends at the national suicide prevention lifeline ' 1 - 800 - 273 - talk ( 8255 ) ' an unplanned lesson helped . http suicide hotline,correct,correct
i suffer from depression anxiety and sometimes suicidal thoughts . i fight everyday . the thoughts are the why am i even here ? noone would even notice i was gone ? if i had a friend it might subside 2 % but @user n @user doesnt see me theyd b the only1s 2b my friend tbh,correct,correct
"i'm listening to \ "" if i don't wake up \ "" by suicidal tendencies on pandora http # pandora",false,false
"update : 2 confirmed dead , 1 injured in ne abq shooting . suspect likely committed suicide . http http",correct,correct
can't be suicidal when i'm dead .,false,false
oh no . my phone is commiting suicide . http,false,false
"coming attractions : # beck , chris # isaak , suicide girls http http",false,false
student lit himself on fire in cafeteria in suicide attempt : police http via @user,correct,correct
you can text 741741 in canada and get help ! - canada is getting a national suicide hotline in 2017 http @user,correct,correct
rip megan 9 / 11 / 19 when stan twitter decided to end her life üò™ http,correct,correct
my story on surge in soldier deaths by suicide at fort hood in 2012 http via @user # forthood # suicide # military # army,correct,correct
"@user : social psychologists have found that the more a city's radio station plays country music , the higher the suicide rate bec .",correct,correct
"if your suicide attempt did happen . how long would it had been since you‚Äôve passed ? mines : 2 years incase of feeling like this again please feel free to contact me , remember you have family members that love you . you matter and have a place on this earth‚ù§Ô∏è i love you !",correct,correct
@user i'm writing as one who has battled suicidal thoughts and battling mental illness . this is a very lonely battle . the stigma causes shame therefore we hide in silence . there is a movement called project semicolon . the website is http,correct,correct
no suicide type shit . but i just dont wanna be here nomore ü§∑üèΩ‚Äç‚ôÄÔ∏è,correct,correct
you are important ! you matter ! suicide hotline : 1 - 800 - 273 - 8255 a simple copy and paste might save someone's life suicide hotline,correct,correct
"amanda knox says she contemplated suicide : in an upcoming memoir she says she \ "" imagined myself a corpse \ "" while in . http",correct,correct
"suicide bombers kill 5 in eastern lebanon , near syria border - http",false,false
"@user 32 yrs ago today my life changed . my parents legally owned a gun to \ "" protect them . \ "" what that gun couldn't protect was themselves . my father murdered my mother and then died to suicide with that gun . i'm ready to start writing about this . i am a story of healing and resilience .",correct,correct
"in other news , after tweeting how much mutley the shrimp liked his new plant he has since committed suicide by jumping out of the tank .",false,false
"i liked a @user video from @user http yemen suicide killcam , studio monkey stall & across hangar waw shot",false,false
"suicidal roads come alive , and all i say is here i am",false,false
@user @user i get a lot of 4 hour meetings . getting out of those makes me suicidal .,false,correct
disney star commits suicide http http,correct,correct
lawsuit over artifact looting case suicide in appeals court - http,correct,correct
half of my friends are gonna be shipped out before the end of year üòêüëçüèº im suicidal,correct,correct
old man forces alex to commit suicide to get away from beethoven ! http,false,correct
thought i was going to have to stop carl from suicide there for a second . üòÖ,correct,correct
don't let him get killed or comment suicide . i sure the contract has already been issued . http,correct,correct
"@user i pity someone who feels that suicide is the only way out , but also feel no one should judge the grieving ones they leave behind . each has their own way to cope or move on from something so tragic . the sister has her way , the husband and children have theirs .",correct,correct
@user i'm 1 / 4 of the shrimpson boys and i feel very suicidal on this site http,false,correct
i hate when people use judas's suicide in the biblical story to claim that suicide is an unforgivable sin and a sentence to hell . fuck that .,correct,correct
@dhs ice deports mother who attempted suicide without allowing her to speak to a lawyer first # talk fam detention http,correct,correct
"i'm probably going to get hated for this , but i think it's kind of sad that this girl let someone behind a computer bully her into suicide .",correct,correct
# 1 cause of death for active military is suicide http # tlot # tcot # war http,correct,correct
we have to be able to talk about it . join me on saturday afternoon as i honor my friend pamlealyoga for the incredible work she is doing to prevent teenage suicide . her daughter bailey died from suicide 6 years‚Ä¶ http,correct,correct
when ur significant other is depressed n crying in a suicidal rage but ur on 12 grams of pcp & life is a cartoon http,correct,correct
suicide room is my shit ‚ú® http,false,false
"i really put my family through it this year . they stopped my suicide attempt , i came out the closet to them . look at me tho , paying my bills on time . y‚Äôall ain‚Äôt gotta worry about my finances . ü•¥",correct,correct
"http suicide for my crush via / r / dating it‚Äôs either her or nobody . i‚Äôd rather be dead than be with another girl . i miss her so much . i wish i could‚Äôve been good enough for her . looking forward to kms for her . there‚Äôs nothing positive about this . october 2015 , ‚Ä¶",correct,correct
@user man y‚Äôall . i‚Äôm 21 . i have a degree . a full time job ( career ) . and am about to get a second degree for free . y‚Äôall i‚Äôm from the hood . i was born to a 15 year old mother . i battled suicide for 5 years . this was not supposed to be my story . to god be the glory .,correct,correct
what a tremendous loss with the passing of kate spade . my condolences to her family and loved ones . depression does not discriminate . national suicide prevention lifeline : 1 - 800 - 273 - 8255 suicide hotline,correct,correct
am i just thinking weird or does it seems like all teens are considering suicide ?,correct,correct
"22 vets commit suicide everyday , and a holiday is not going to fix that",correct,correct
chargers got me on suicide watch,false,false
every gay guy had to do one in high school : ‚Äì survive‚Äì fight back‚Äì avoid suicide‚Äì try to like girls‚Äì an older man http,correct,correct
"in a crisis ? need someone to talk to , call the suicide prevention hotline : 1 - 800 - 273 - 8255 confidential 24 / 7 suicide hotline",correct,correct
would 3 of my friends please copy & paste ? national suicide prevention 1 800 273 8255 it's ok not to be ok .,correct,correct
i'm just suicide knifing in destiny right now . my fireteam is pissed .,false,false
@user @user i decided it was time to share how i survived being suicidal http,correct,correct
reports : 3 boys assaulted girl before her suicide : three teenage boys have admitted to sexually ass . http # milwaukee,correct,correct
"suicide is definitely not the way to go , but it's neither a sin . suicide to some people is setting themselves free from pain .",correct,correct
i went to the library and asked the librarian for a book about suicide . http,correct,correct
"i liked book toby better , he committed suicide and i didn't have to be upset at all his actions and ways . # pll",correct,correct
fantastic cover of r . e . m's perennial classic : everybody hurts - @user to grieve to # playlist @ tw u r l # thecorrs # rem # everybody hurts # suicide # depression # musicto # soundsgood http,correct,false
suicide in the sense that you basically are dead . a walking zombie stepping to the tune of society's cookie cutter way of acting / living,false,false
"don't worry baby no ones watching , sound of rain dropping got you open like some suicide doors üåæüëÄ",false,false
photo : artistic‚Äîsuicide : my black is model : shaun ross photo by sarah kjelleren http,false,false
jayla stay thinking somebody gone take her life lmao . girl no !,correct,correct
"danny dias : mtv ‚Äòroad rules‚Äô star , 33 , found dead after possible suicide http",correct,correct
"three members of the new york police department have died by suicide in less than 10 days , police commissioner james p . o'neill said friday . ‚Äã http",correct,correct
day 288 : lb your cryin ' shoulder lb love suicide lb better when i'm older lb be the greatest fan of your life‚Ä¶ # 365daysofscience http,false,false
"rage , revenge , suicidal ideation - finding meaning for life http thank you dr . viktor frankl 555 http",correct,correct
"@user also , why did you think it was a good idea to romanticize suicide attempts ?",correct,correct
government office cites overwork in suicide of a - 1 pictures staff member # jpop http more : http,correct,correct
"@user @user these azz hats need to take a note from the very few who survived jonestown during the last hour , over 900 people died willingly or by force . ‚Äú i knew jim talked about mass suicide , but i never thought it would actually happen ‚Äù !",correct,correct
military crisis hotline - # suicide hotline information live now : http,correct,correct
@user growing up suicidal is kinda weird cause i didn't think i'd still be alive right now so i don't know what i'm supposed to do with my life or where i'm going because i never planned on being here for it,correct,correct
i relate to these lyrics so much @user - if i said i‚Äôm in love ( suicide ) ‚Äã http # nowplaying,false,false
"when the world beats u down , all alone , but still have the urge to come out strong ! i survived a suicide ! i can survive anything alone !",correct,correct
special prayer for those with suicidal thoughts : fear thou not,correct,correct
watched a 17 y / o attempt to commit suicide today .,correct,correct
"next concert : slayer , exodus , and suicidal tendencies . it's gonna be brutal !",false,false
"@user kalief browder was sent to rikers island after being accused of stealing a backpack . two - thirds of his time in custody was spent in solitary confinement . two years after his release , he died from suicide . http",correct,correct
"they wanna kill themselves when i open all my doors up , suicide",correct,false
i wish i was you so bad @user,false,false
would 3 of my friends please copy & paste ? national suicide prevention 1 800 273 8255 it's ok not to be ok .,correct,correct
and after i prayed and prayed i would never have to lose someone to suicide again but luck ran out this past may when we lost my cousin . üò≠,correct,correct
@user his name was rob bell . he died by suicide but he is not a statistic . i'm talking @user http http,correct,correct
"sad morning ! my cousin , a lovely boy belieber @ / swaggyleo died from suicide . may your soul calm and fly with the angels to heaven .",correct,correct
hunter s . thompson died from suicide in 2016 . http,correct,correct
i wish i was scared of suicide .,correct,correct
a lot of black self - hate going on . it's cultural suicide . divide and conquer is one of the oldest tricks . still working . smh,false,false
terrible 19 year - old threatens suicide to get money for in - game equipment : previously we‚Äôve translated a report . http,correct,correct
"my heart aches so much that chester committed suicide . he helped me so much with my depression in middle school , the song iridescent touched",correct,correct
@user it's not an opinion . you were encouraging suicide . someone could have killed themselves because of you .,correct,correct
if you're a christian . please join me in prayer for one of my marine buddies who is fighting ptsd and suicidal thoughts . i don't ask for prayer often . but this time i'm asking . unless you've experienced the . http,correct,correct
my life but every time i feel suicidal it gets faster,correct,correct
let‚Äôs not forget the effects of # cyber bullying and # lies http,correct,correct
suicide . üòîüò∞ i don't wanna live anymore .,correct,correct
"anthony bourdain spilled the beans about satanism & hrc , the cast of \ "" friends , \ "" & more . that's why he got the red scarf & the door knob ( cabal's signature \ "" suicide \ "" death ) as did kate spade . http",false,false
well the moth went rogue and committed suicide in my cup of water .,false,false
two friends / past friends / acquaintances of mine committed suicide this week . please call 1 - 800 - 273 - 8255 if you're considering it . stay strong suicide hotline,correct,correct
photo : nakadashi - biggu - bosu : dali suicide http,false,correct
when someones letting it be known they're feeling suicidal don't see it as attention seeking . see it as a cry for help .,correct,correct
summer is either fun or quasi - suicidal sometimes both at the same time but never in between,correct,correct
5 . stuff i write about suicide love hatred satanic just to see where my head at depression thoughts,correct,correct
"7 years after suicide attempt , former pastor claims that saying ‚Äòi‚Äôm praying for you‚Äô isn‚Äôt enough http",correct,correct
stop beating yourself up ! ‚Äúchallenging our negative thoughts‚Äù http blogging to help # endthestigma . # suicide # depression please retweet ! http,correct,correct
everydayhealth : abc news chief medical correspondent drjashton's new book shines a much - needed spotlight on the pain and struggles faced by people who have lost a loved one to death by suicide http http,correct,correct
"@user listening to the podcast right now , heard your story about your dog . i got my dog 2 days before my dad committed suicide by complete chance . i swear that dog came into my life to get me through my dad . sorry to hear about your dog , truly sad .",correct,correct
who remember when i made ol girl commit suicide on accident http,correct,correct
so reading on suicides their so many people who kill themselves cause of how people saw them ! is such suicide or murder ?,correct,correct
üòÇ ‚Äú@user : career suicide by elgort . flew to georgia by acciddent . looking for new gus / . shit . ‚Äù,false,false
help fund broken heroes - a feature # film about # suicide among our troops returning home # military # veterans http,correct,correct
dtn kerala : gajendra singh who committed suicide at aap rally was not just a farmer : singh was not just a farm . http,correct,correct
the second i walk into holt renfrew i become suicidal,false,false
"@user the man who wrote the mcdonald's \ "" i'm lovin ' it \ "" jingle committed suicide .",correct,correct
"tw / i'll i'm gonna say is that it is disgusting to fake things such as suicide or self harm for attention . as some who has had ppl close to them be victims of things such as this , is is extremely disrespectful .",correct,correct
photo : the soldier who killed three people before committing suicide in an attack on the same texas . http,false,false
"‚Äú@user : an important post on overwork and mental health , mourning the loss of @user ( tw : suicide ) http ‚Äù # fb",correct,correct
5 years strong ! @user continues to speak about # suicideprevention join her & these amazing performers @user http # fundraiser,correct,correct
"i've often thought about suicide . put an end to all of my pain . tonight i experienced suicide from the other side , a survivor . i was with my friend when we learned his son killed himself . i watched them take the body away . i watched his father , an ex seal crumble to the ground .",correct,correct
should i spend the night over my suicidal friend house ? ! ? !,correct,correct
"at least i'm not suicidal anymore üòÇ thanks to ai , my future , and sweet frogs .",correct,correct
i'm not suicidal because i don't work at famous footwear http,false,false
so just because someone owns a gun automatically means they‚Äôre suicidal ? http,correct,correct
i actually wanted to play on these things . why was i suicidal as a child ? http,false,correct
"* poet mentions death in any way , shape , or form * poetry class of twenty - somethings : ‚Äúthe speaker is depressed and suicidal‚Äùno üëè the üëè speaker üëè isn‚Äôt find üëè it üëè in üëè the üëè text üëè you üëè fucks üëè",correct,correct
two suicide # bombers attack # pakistan # church killing 85 people in deadliest ever . http via @user,false,false
2020 tanpa suicidal thought sounds good,false,false
"@user tells kicker to go kill himself , makes his account private after his alligator mouth wrote a check his butterfly @ $ cant cash .",false,false
"if you're on the edge , contemplating suicide , please talk to us . or someone ? your life is too precious to be lost . just . please .",correct,correct
@user evil world . we deal with it because we had no say so in coming here & suicide is not an option . but i choose to not subject .,correct,correct
"tracy crouch is entirely correct . i too , me included , have never met a disordered gambler that hasn‚Äôt either seriously contemplated suicide or attempted it . the industry have never had policies in place relating to how gambling disorder could affect customers . but 2013 , dsm 5 . http",correct,correct
urban outfitters pulls shampoo for suicidal hair from store shelves http,false,false
@user the science behind birth control http,false,false
"native american and white women see massive increase in suicide rate , government study says http via @user @user",correct,correct
"police news : san francisco , ca : sf cop honored for saving suicide jumper http",correct,correct
@user my sister killed herself ( we think ) and i just endured the anniversary on march 24th . any advice to make peace with it ? üíó u,correct,correct
"feeling suicidal ? talk to someone . these people can help : @user , @user , @user , @user , @user # spsm",correct,correct
"as an # oif deployment widow , one who lost many friends to the war itself or to ptsd suicide , no thanks , i've endured enough , you dont need to study me . http",correct,correct
"@user : # leo flashes their smile , but dies inside . nobody knows , they're a beautiful suicide .",correct,false
thinking of those who committed suicide bc they felt like they couldn't be themselves or with the ones they love . sorry it took this long üëºüèª,correct,correct
@user @user we‚Äôve already lost etika this summer . we can‚Äôt be losing anyone else to suicide,correct,correct
intersting talk on @user about gun control relating to high gun suicide deaths,correct,correct
@user rt if you‚Äôve ever : - had a panic attack - had an anxiety attack - had a depressive episode - had an intrusive thought - had suicidal thoughts let‚Äôs see how common these things that make us feel so alone really are .,correct,correct
"@user i can't say always , but suicide is often caused by brain illness . have suicidal thoughts ? they can be treated !",correct,correct
@user sweet suicide summer story,false,false
sad ‚Äú@user : evangelical pastor rick warren asks for prayers after the apparent suicide of his 27 - year - old son : http - bw ‚Äù,correct,correct
boarding a plane knowing that it‚Äôs being flown by a kamikaze pilot is suicide . http,false,false
"with that in mind , if reading this article brings distress , australians ; 000 if life is in danger . 1300 659 467 : national suicide call back service ( 15 + ) 1800 55 1800 : kid's helpline ( 5 - 25yrs ) 1800 184 527 : qlife ( lgbtqi folks ) 13 11 44 : lifeline",correct,correct
@user my husband wrote this heartfelt piece on his grandmother's suicide . do you mind giving it a read ? http,correct,correct
ronda rousey opens up about having suicidal thoughts after holly . http # ronda rousey,correct,correct
"never thoughts of suicide i‚Äôm too alive . but i still treat it like it‚Äôs do or die . even though dying isn‚Äôt in the plans , neither was making it and here i am",correct,correct
@user ha ha but did it not say if you drink too much makes you suicidal ha ha,correct,correct
i want to leave this fucking place and never fucking look back he's supposed to be a god damn doctor and he rather berate me about being fat and tell me i'm gonna fucking die from it than take me back to god damn therapy even tho he's well aware i have suicidal depression,correct,correct
she probably thinks im crazy or suicidal or something lol i hope not . cause i would,correct,correct
"west virginia's practice tomorrow is gonna be like a scene from coach carter . \ "" i said suicide , don't make me commit homicide ! \ "" - huggy bear",correct,correct
"@user to anyone who feels tired , constantly misunderstood , struggles w their own mood swings / depression / suicidal thoughts / unhealed traumaor lost hope in people . i love you , keep going",correct,correct
haha remember that time you tried to blackmail him into committing suicide because you were afraid of empowered blacks ? classic fbi ! http,correct,false
‚Äúideation‚Äù is a great word that could really blossom if it ditched its toxic partner ‚Äúsuicidal ‚Äù,correct,correct
"@user i applaud you man . haven to go thru life as ugly as you are an not contemplating suicide ever other . for real man , kudos",correct,correct
we were never friends . i just felt bad for your suicidal ass .,false,false
@user lol good ol ' suicidal,false,false
19 indian students kill themselves after exam results http,correct,correct
satin & lace suicide . that's what i called it . i don't think i'm feeling it .,false,false
i really don‚Äôt like when people cause trouble then when people react they start talking about suicide i‚Äôm sorry but it‚Äôs really not my problem,correct,correct
"a fortified design of the mortified and blind i ain't suicidal , it just sorta crossed my mind",correct,correct
@user could commit suicide instead of helping gop destroy the universe . http,false,false
@user : it breaks my heart to hear of all the recent suicides ! 4 boys in 3 weeks ! here's my story : http ‚ô• # it g .,correct,correct
the heat in my house isn't working i'm literally going to commit suicide do u hear me this is my suicide note goodbye,false,correct
i'm commuting nutritional suicide right now . i would like to apologize to my body .,false,false
boom . ‚Äú@user : this is real - suicide bomb instructor accidentally kills iraqi pupils : http ‚Äù,false,false
"@user given how i've been depressed and suicidal ( in the past ) and talking myself out of it , i try to appreciate life every day",correct,correct
"tomas young , disabled veteran , tells audience he‚Äôll commit suicide | the ridgefield press http",correct,correct
9 new images of jared leto‚Äôs joker in ‚Äòsuicide . http,false,false
@user @user 248 male suicides per day - alarming men's suicide in india http # stop marriage bill dont increase men suicide more,correct,correct
cop killer's death at fishkill correctional apparent suicide http,correct,correct
"# lyrics i like to scream red for the cancer , red for the wealthy , red for the drink that's mixed with suicide everythingg redd",false,correct
"tw ; depression , suicide , mental illness in generalconsider watching this , y'all . http",correct,correct
it's amazing how some fans commit suicide and sometimes we don't even notice,correct,correct
if you ever need someone to listen to - dontlethopedie : suicide hotline : 1 - 800 - 273 - 8255 self - injury hotline : . http suicide hotline,correct,correct
imagine if arsenal were in chelsea's league position - # suicidal üôÑ‚öΩÔ∏èü§ì http,false,false
author from brooklyn commits suicide : report : vizzini traveled the country talking about mental health . http # bronx,correct,correct
carlson doesn't feel the economy could recover from a national quarantine . http,false,false
woman irs officer commits suicide in jaipur http # irs # dfts # taxrelief http,correct,correct
"@user speaking of gloomy , my mood is gloomy bc your suicide prevention video is gone",correct,correct
manhattan arts couple honors suicide pact http http,correct,correct
@user @user @user aj is dubious . why modi has taken him god knows . but it will be suicidal for modi .,false,false
"destigmatizing mental illness : i'm a video editor & social media coordinator . i'm bipolar ii , have mild adhd , and in the past suffered from suicidal thoughts and tendencies . i'm lucky to be surrounded by friends who support me with it all and remind me that help is a call away . http",correct,correct
"@user this is a little different . uploaded a cover of linkin park's \ "" one more light \ "" to my channel . i hope you guys enjoy . also remember if you , a friend , loved one , or anyone you know is having suicidal thoughts , 1 - 800 - 273 - 8255 or dm me . save a life . please . http suicide hotline",correct,correct
"some nebraska businesses are taking a creative approach to raise awareness around this issue , while also raising money to support local organizations that focus on veteran and service member suicide prevention . http",correct,correct
@user she's trying to end her life . we're trying to show her we care as much as we can . stay strong @user . ‚ù§,correct,correct
currently doing a stop - suicide poster for $ 50 to anything i want http,false,false
"a 9 year old boy just killed himself after being ridiculed for being brave , being confident , and being himself . http",correct,correct
i‚Äôm not for being disrespectful unless i‚Äôm disrespected . that‚Äôs also not the way to go but humans are humans . you never know what a simple compliment to someone at the store can stop . you never know if someone has it so tough and are planning to commit suicide that night . be kind,correct,correct
"fyi : the majority of gun deaths are due to suicide , not homicide . http",correct,correct
"in case you didn't know , my little cousin committed suicide cuz she couldn't handle the pain anymore . she hung herself . 2 years ago .",correct,correct
"i swear i can feel and understand phora‚Äôs music on a whole other level , and if it‚Äôs true that he tried to commit suicide , my heart really is just hella broken now .",correct,correct
"\ "" ' she smokes 30 - plus joints a day ' : amanda bynes ' publicist fears she'll either commit suicide or die from a drug overdose \ "" lol",correct,correct
you do realize i almost committed suicide @user ? would be nice if people were honest i lost my friend because of twitter i loved her,correct,correct
i'm suicidal but what's new,correct,correct
drake's voice stay make me feelin suicidal i lub him,correct,correct
"sitting in complete silence , in the dark , dreading work . suicide is being contemplated",correct,correct
"i couldn't stop thinking about dominic yesterday . i realized why , when a friend reached out to me after his friend committed suicide .",correct,correct
"i've said it before - i don't believe in ghosts but i believe in weird . and this trip so far had been weird . from my suicidal taxi driver , to my lost luggage , to my fever that had me hallucinating last night , to my crooked carpet . but tonight i topped it all .",correct,correct
it‚Äôs suicide boy tuesday üëÄ,false,false
"former cleveland museum of art director david franklin resigns after affair , suicide ; cell phone of victim missing http",correct,correct
"va suicide hotline : 1 - 800 - 273 - 8255a simple copy and paste might save someone's life . i did it , now will you do the same ? suicide hotline",correct,correct
@user robin williamschester benningtonchris cornellalexander mcqueenevery media outlet said the exact same thing when they committed suicide but stopped caring when it became ‚Äúold news‚Äù . http,correct,correct
"i never thought shapes would make me suicidal , but here i am . http",correct,correct
september is national suicide prevention week . please read below to see how you can help prevent suicide . http,correct,correct
assisted - suicide advocate from calgary takes her own life http http,correct,correct
"dying from cancer this 17 - year - old could have committed suicide , but he chose life http via @user",correct,correct
fla . fire chief's widow speaks out after suicide http,correct,correct
"4 years ago today , i almost killed myself . it was one of the darkest times in my life . through therapy , family , games , and my dog i got better . losing my dog this year makes it harder but i‚Äôll make it through just fine . suicide is never the answer , call 1 - 800 - 273‚Äì8255 for help . suicide hotline",correct,correct
living is already so exhausting in general and now it's a lot more stressful and scary . so easy to fall back into suicidal thoughts rn . i don't have any advice on fighting it except i'm right there with you and just know you're loved and i'm proud of us for surviving day by day .,correct,correct
"flow suicidal Ûæ≠ªÛæì∂Ûæ≠ûüèΩüòà new song release \ "" no peeno \ "" by ladytbadd prod by ladytbadd # bando beats . http",false,false
# 13 reasons why ( popular netflix show ) includes a graphic suicide scene . read about how it may impact young people - http http,correct,correct
"depression as the exhaustion of becoming : if you or someone you know is struggling with suicidal thoughts , st . http",correct,correct
the artist who stops making art is committing emotional suicide,false,correct
"@user this whole week i debated with myself whether i should share my story or not , but in honour of # suicide prevention week i want to help save a life out there . i took this video exactly 4 before i tried ending my life http",correct,correct
"this time of year is especially hard on a lot of people . the national suicide prevention lifeline 1 - 800 - 273 - 8255 . a simple copy and paste might save someone's life . stay strong , you are loved . suicide hotline",correct,correct
harry reid cites father‚Äôs suicide in gun debate - conservative byte http via @user pimping daddy .,correct,correct
"icymi - research : suicide is epidemic but doesn‚Äôt lead to hell , americans say - http",correct,correct
"i will not take my own life by my own hand until i talk to my battle buddy first . my mission is to find a mission to help my warfighter family . suicide is something i've unfortunately dealt with a lot , mostly in the veteran community , but outside as well . you are valued . http",correct,correct
# nh # news grafton man arrested after threatening suicide by police http,correct,correct
@user : could you imagine what the suicide rate for mondays would be like if it wasn't for monday night football ?,false,false
suicide in my mind i look for god he won't with me . drown my sorrows with in henny and load that pistol with pitty - @user üíØ,correct,correct
@user @user this is the one instance where i am encouraged by the fact that the suicide rate is much higher for people who own guns .,correct,correct
"k - pop singer kim jonghyun dead at 27 of possible suicide , police report http",correct,correct
"lgbt suicide prevention : # lgbt # youth , # family and # faith communities ( part 2 of 2 ) http via @user",correct,correct
"if i gotta do that , ion want you , ion needa and baby you not good for my health mentally and physically cause ian acting suicidal for no nigga who not gone do right regardless wayy too pretty and way too many niggas out here who will to do right , if he can‚Äôt love me fuck emüòÇ http",correct,correct
update 6 - fashion's l'wren scott found dead in nyc in apparent suicide - reuters : new york timesupdate 6 - fashio . http,correct,correct
boogie - nigga needs b . i . g . - suicidal thoughts aboogie - still think about you lil tjay - f . n .,false,false
i don‚Äôt like when ppl that have never struggled with suicidal ideation have an opinion on it,correct,correct
"man sets himself on fire , dies in a climate change suicide http",correct,correct
"in 2005 in turkey , a sheep committed suicide by jumping off a cliff and 1500 sheep followed the first one .",false,false
@user video looked like suicide by cop - but i saw no reason for them to take him up on it .,correct,correct
approximately 22 veterans a day commit suicide . would at least 22 of my twitter friends please repost . 800 - 273 - 8255 veterans crisis line suicide hotline,correct,correct
i've heard of so many people commuting suicide and it makes me so sad . üòî,correct,correct
"cops did not find suicide note of man who killed wife , disabled children # chicago http",correct,correct
the suicide of michael ruppert has really fucked me up . he came to the conclusion that we're doomed and just gave up . it's just a damn shame,correct,correct
"breaking news : john cena found dead back stage , suicide is suspected .",correct,correct
"all music is chill , except country . no wonder that genre of music makes people wanna commit suicide , the most .",correct,correct
rebecca ann sedwick suicide : 2 arrests made in death of bullied florida girl http via @user,correct,correct
@user she killed herself ! lol,false,false
@user it‚Äôs national suicide prevention week . learn what to do if someone you know exhibits warning signs of suicide : http # nspw,correct,correct
the fact that some people think about suicide because of school is just fucking sad,correct,correct
"@user heartbreaking . \ "" . 9 - year - old girl hung herself in her bedroom closet , likely in response to a long period of bullying and side effects of her adhd medication . \ "" parents , talk to your children and do your research on adhd meds . these days bullying is 24 / 7 . http",correct,correct
trending : man linked to holly bobo case commits suicide http http,correct,correct
# the blaze # rwnj cop put on leave for calling suicide of black lives matter activist a ‚Äòhap . http # bullshit news # tcot,correct,correct
@user @user @user don'f forget that # hb2 also leaves trans children unprotected . 40 % suicide rates should bother,correct,correct
my cousin is suicidal and i can't help her üòû she wont add me on facebook and i can't call her . she's never home : disappointed face :,correct,correct
@user @user @user @user @user if u want to commit instant suicide . go 2 taladega & bad talk any earnheart !,false,false
hard time of year for a lot of folks . national suicide prevention lifeline 1 - 800 - 273 - 8255 . a simple copy and paste might save someone's life . would 3 twitter friends please copy this text and post under their own name ? thank you . ‚ù§Ô∏è suicide hotline,correct,correct
i shoulda committed suicide in 1984,false,false
"i don‚Äôt think i‚Äôm suicidal , but if i was , i won‚Äôt admit it . like i‚Äôd be okay dying , if i‚Äôm not the one who did it .",correct,correct
http ashley madison suicide : man on hacked list kills himself as users try to remove their names from ashley madison le ‚Ä¶,correct,correct
i once contemplated suicide & woulda tried but when i held that 9 all i could see was my momma's eyes .,correct,correct
"garima kothari was a well known and loved owner of a restaurant in jersey city . she was murdered by her husband , who committed suicide on the same day . a tragic loss of lives due to domestic violence . we join domestic violence agencies across the state to express our condolences . http",correct,correct
"@user @user @user @user @user @user @user @user @user @user @user @user @user @user @user @user @user @user @user @user @user @user @user @user @user @user @user @user @user @user @user @user @user @user @user @user @user @user @user @user @user @user @user @user @user @user @user i whistleblew in 2009 , i tried to commit suicide because of the horrific abuse by management . so if you asking me has the # nhs improved ? in helping whistleblowers , with zero tollerance to bullying & racism ? then its a big no , because @user hasnt listened to us in 10yrs http",correct,correct
"death of lennon lacy ruled a suicide by the fbi , questions still linger http",correct,correct
"i've never watched the bachelor or the bachelorette , but i'm sad that girl committed suicide .",correct,correct
> dad issues scary warning after son dies playing blue whale suicide game http,correct,correct
roadside suicide closes eastbound guerneville road http http,correct,correct
happy spring break @user ! please use these resources if you need immediate support during the break . national suicide prevention lifeline800 - 273 - 8255crisis text linetext connect to 741 . 741trevor lifeline866 - 488 - 7386trans lifeline877 - 565 - 8860 http suicide hotline,correct,correct
"up all night , nigga getting shot man getting popped , big guwap drop my top , suicide doors",false,false
741 - 741 a texting resource for suicide prevention is something that should be programmed in every teen's phone . # parentresource # help # hope,correct,correct
